patient_id,age,stage,er_status,her2_status,molecular_subtype,os_months,event
example_P000,68,III,Positive,Negative,Luminal_A,26,1
example_P001,42,I,Negative,Positive,TNBC,26,1
example_P002,73,II,Positive,Negative,Luminal_B,7,0
example_P003,36,II,Positive,Negative,Luminal_B,94,1
example_P004,53,III,Positive,Negative,Luminal_A,39,0
example_P005,49,II,Positive,Negative,Luminal_A,81,1
example_P006,39,II,Positive,Negative,Luminal_A,13,1
example_P007,45,II,Negative,Negative,TNBC,19,0
example_P008,74,III,Positive,Negative,Luminal_B,15,0
example_P009,55,I,Positive,Positive,Luminal_B,68,1
example_P010,41,II,Positive,Negative,Luminal_A,32,0
example_P011,64,II,Negative,Positive,TNBC,9,0
example_P012,63,III,Negative,Negative,TNBC,25,0
example_P013,73,III,Positive,Negative,Luminal_A,28,1
example_P014,44,II,Positive,Negative,Luminal_A,69,1
example_P015,67,II,Positive,Negative,Luminal_A,11,1
example_P016,52,II,Positive,Negative,Luminal_A,11,0
example_P017,74,I,Positive,Negative,Luminal_B,6,0
example_P018,58,III,Positive,Negative,Luminal_B,6,1
example_P019,65,I,Positive,Positive,Luminal_A,6,0
example_P020,40,III,Positive,Negative,Luminal_B,6,1
example_P021,55,II,Positive,Positive,Luminal_A,9,1
example_P022,70,I,Positive,Negative,Luminal_A,10,0
example_P023,41,II,Positive,Negative,Luminal_A,30,1
example_P024,39,II,Positive,Negative,Luminal_B,10,0
example_P025,68,I,Negative,Negative,TNBC,93,0
example_P026,58,I,Positive,Negative,Luminal_A,6,0
example_P027,48,I,Positive,Negative,Luminal_B,19,0
example_P028,63,II,Positive,Negative,Luminal_B,6,0
example_P029,47,II,Positive,Negative,Luminal_A,6,1
example_P030,72,I,Positive,Negative,Luminal_B,17,0
example_P031,48,II,Positive,Negative,Luminal_A,40,1
example_P032,49,II,Positive,Negative,Luminal_A,84,1
example_P033,44,II,Negative,Negative,TNBC,6,0
example_P034,45,III,Negative,Positive,TNBC,59,1
example_P035,53,I,Negative,Negative,TNBC,6,1
example_P036,51,I,Positive,Negative,Luminal_A,17,1
example_P037,39,II,Positive,Negative,Luminal_A,37,1
example_P038,51,I,Positive,Negative,Luminal_B,11,1
example_P039,65,II,Positive,Positive,Luminal_B,86,1
example_P040,71,III,Positive,Negative,Luminal_A,27,0
example_P041,45,I,Positive,Positive,Luminal_B,35,1
example_P042,44,II,Positive,Negative,Luminal_A,7,1
example_P043,68,I,Negative,Negative,TNBC,21,0
example_P044,58,II,Positive,Negative,Luminal_A,6,0
example_P045,47,III,Positive,Negative,Luminal_B,25,1
example_P046,68,I,Positive,Negative,Luminal_A,24,0
example_P047,49,III,Positive,Negative,Luminal_B,17,1
example_P048,69,II,Positive,Positive,Luminal_B,32,0
example_P049,50,II,Positive,Negative,Luminal_A,49,0
example_P050,68,I,Negative,Negative,TNBC,6,1
example_P051,77,I,Negative,Negative,TNBC,11,1
example_P052,57,II,Negative,Negative,TNBC,6,0
example_P053,67,II,Negative,Negative,TNBC,10,0
example_P054,64,III,Positive,Negative,Luminal_B,6,1
example_P055,36,II,Negative,Positive,TNBC,58,0
example_P056,45,III,Positive,Positive,Luminal_A,6,1
example_P057,57,II,Positive,Negative,Luminal_A,6,0
example_P058,63,II,Positive,Negative,Luminal_A,33,1
example_P059,52,II,Positive,Negative,Luminal_A,120,0
example_P060,52,I,Positive,Negative,Luminal_A,91,0
example_P061,74,II,Positive,Negative,Luminal_A,34,0
example_P062,61,II,Negative,Negative,TNBC,18,0
example_P063,54,III,Positive,Negative,Luminal_A,17,1
example_P064,59,I,Positive,Positive,Luminal_A,72,0
example_P065,37,II,Positive,Negative,Luminal_B,6,0
example_P066,65,I,Positive,Negative,Luminal_A,12,1
example_P067,51,II,Negative,Negative,TNBC,6,0
example_P068,40,III,Positive,Negative,Luminal_A,8,0
example_P069,65,II,Negative,Negative,TNBC,6,1
example_P070,62,II,Negative,Negative,TNBC,10,0
example_P071,56,III,Positive,Negative,Luminal_A,9,0
example_P072,59,II,Positive,Negative,Luminal_A,10,0
example_P073,62,I,Negative,Negative,TNBC,9,0
example_P074,55,I,Positive,Negative,Luminal_B,9,1
example_P075,62,I,Positive,Negative,Luminal_B,61,1
example_P076,74,II,Negative,Negative,TNBC,47,0
example_P077,38,I,Positive,Positive,Luminal_A,41,0
example_P078,36,II,Positive,Negative,Luminal_A,9,0
example_P079,65,II,Positive,Positive,Luminal_A,32,1
example_P080,73,II,Negative,Negative,TNBC,49,0
example_P081,56,II,Positive,Positive,Luminal_B,8,1
example_P082,57,II,Positive,Negative,Luminal_A,19,0
example_P083,45,II,Positive,Negative,Luminal_A,30,1
example_P084,39,II,Positive,Positive,Luminal_A,10,1
example_P085,61,I,Positive,Negative,Luminal_A,47,1
example_P086,61,I,Positive,Negative,Luminal_B,31,1
example_P087,68,II,Positive,Negative,Luminal_B,13,0
example_P088,37,III,Negative,Negative,TNBC,16,0
example_P089,56,I,Positive,Negative,Luminal_B,16,0
example_P090,69,II,Positive,Positive,Luminal_A,22,0
example_P091,62,I,Positive,Negative,Luminal_B,28,1
example_P092,50,II,Negative,Positive,TNBC,23,0
example_P093,77,I,Positive,Negative,Luminal_B,6,1
example_P094,41,II,Negative,Negative,TNBC,39,1
example_P095,37,I,Positive,Positive,Luminal_B,6,1
example_P096,79,I,Positive,Negative,Luminal_B,6,1
example_P097,66,I,Positive,Negative,Luminal_B,38,0
example_P098,47,II,Positive,Negative,Luminal_A,21,1
example_P099,64,II,Positive,Negative,Luminal_A,30,0
example_P100,55,I,Positive,Negative,Luminal_A,11,0
example_P101,46,III,Positive,Negative,Luminal_B,6,0
example_P102,54,II,Positive,Negative,Luminal_A,101,0
example_P103,68,II,Positive,Negative,Luminal_B,26,1
example_P104,44,II,Negative,Negative,TNBC,22,0
example_P105,61,II,Positive,Negative,Luminal_A,97,0
example_P106,39,I,Positive,Positive,Luminal_B,120,1
example_P107,45,II,Negative,Negative,TNBC,6,0
example_P108,50,II,Positive,Negative,Luminal_A,13,1
example_P109,44,III,Positive,Negative,Luminal_A,36,0
example_P110,59,II,Positive,Negative,Luminal_A,80,0
example_P111,40,II,Positive,Positive,Luminal_A,31,1
example_P112,75,II,Negative,Negative,TNBC,120,1
example_P113,45,III,Negative,Negative,TNBC,41,0
example_P114,54,II,Positive,Negative,Luminal_B,6,1
example_P115,49,I,Negative,Negative,TNBC,24,1
example_P116,38,II,Negative,Negative,TNBC,112,0
example_P117,38,II,Positive,Negative,Luminal_A,7,0
example_P118,54,III,Negative,Negative,TNBC,98,1
example_P119,78,III,Positive,Negative,Luminal_B,11,1
